                  epoch,         train/box_loss,         train/cls_loss,         train/dfl_loss,   metrics/precision(B),      metrics/recall(B),       metrics/mAP50(B),    metrics/mAP50-95(B),           val/box_loss,           val/cls_loss,           val/dfl_loss,                 lr/pg0,                 lr/pg1,                 lr/pg2
                      1,                 1.0752,                 2.5538,                 1.5885,                0.00333,                      1,                 0.9258,                0.70323,                0.41908,                 3.1929,                 1.1623,                0.00014,                0.00014,                0.00014
                      2,                0.68653,                 1.5115,                 1.2744,                0.00333,                      1,                  0.995,                0.86188,                0.44019,                 3.0588,                 1.0713,              0.0002505,              0.0002505,              0.0002505
                      3,                0.63341,                 1.0009,                 1.2181,                0.94105,                      1,                  0.995,                0.84854,                0.50544,                 2.7879,                 1.0926,              0.0003082,              0.0003082,              0.0003082
                      4,                0.62826,                 1.0474,                 1.1961,                0.84377,                      1,                0.97147,                0.89536,                0.40376,                 2.2081,                0.98265,              0.0003131,              0.0003131,              0.0003131
                      5,                0.58039,                0.95104,                  1.162,                0.97245,                      1,                  0.995,                0.87946,                0.42094,                 2.3264,                      1,              0.0002652,              0.0002652,              0.0002652
                      6,                0.61273,                0.97175,                 1.1806,                0.99189,                      1,                  0.995,                0.91618,                0.40575,                 2.1464,                0.96508,              0.0001645,              0.0001645,              0.0001645
